序号,链接,节点数
0,https://DWola3.mcsslk.xyz/847cb47e7766e86c0bada314f429d6bf,0
1,https://Jc0zdW.absslk.xyz/81b1d580e0a8a149bf419957bf99ac51,0
2,https://gitlab.com/colloq168/nodefiltrate/-/raw/main/filtrate?ref_type=heads,164
3,https://raw.githubusercontent.com/Alvin9999/pac2/master/clash.meta2/1/config.yaml,0
4,https://raw.githubusercontent.com/Alvin9999/pac2/master/clash.meta2/13/config.yaml,0
5,https://raw.githubusercontent.com/Alvin9999/pac2/master/clash.meta2/15/config.yaml,0
6,https://raw.githubusercontent.com/Alvin9999/pac2/master/clash.meta2/2/config.yaml,0
7,https://raw.githubusercontent.com/Alvin9999/pac2/master/clash.meta2/config.yaml,0
8,https://raw.githubusercontent.com/Huibq/TrojanLinks/master/links/vmess,0
9,https://raw.githubusercontent.com/Surfboardv2ray/TGParse/main/python/hy2,53
10,https://raw.githubusercontent.com/Surfboardv2ray/TGParse/main/python/hysteria2,95
11,https://raw.githubusercontent.com/qjlxg/hy2/main/splitted/hy2,0
12,https://raw.githubusercontent.com/ripaojiedian/freenode/main/clash,22
13,https://raw.githubusercontent.com/ripaojiedian/freenode/main/sub,23
14,https://raw.githubusercontent.com/zhangkaiitugithub/passcro/main/speednodes.yaml,278
15,dynamic://peasoft,0

总计,,594
